Name,Course,Weekday
Barack Witherspoon,ACCOUNT 244,Thursday
Emma Stone,FNBSLW 344,Tuesday
John Gyllenhaal,ECON 202,Monday
Thomas Jefferson,ACCOUNT 244,Monday
Theodore Gyllenhaal,ACCOUNT 249,Tuesday
Theodore Travolta,ECON 201,Monday
Thomas Johnson,FNBSLW 344,Thursday
James Foxx,ACCOUNT 249,Friday
Andrew Weaver,ECON 201,Monday
Susan Davis,ECON 201,Thursday
Angelina Jolie,FNBSLW 344,Thursday
George Costner,ECON 202,Thursday
Eleanor DiCaprio,ECON 202,Wednesday
Benjamin Bale,ACCOUNT 249,Wednesday
Theodore Downey,ECON 202,Thursday
James Reeves,ECON 202,Friday
Matt Damon,ACCOUNT 249,Tuesday
John Gyllenhaal,ECON 202,Thursday
George Williams,ACCOUNT 249,Thursday
Ulysses Pacino,ECON 201,Wednesday
Alexander Pratt,ACCOUNT 249,Thursday
Barack Saldana,ACCOUNT 244,Tuesday
Thomas Clooney,ECON 202,Monday
Barack Obama,ECON 202,Tuesday
Andrew Saldana,ACCOUNT 244,Tuesday
Franklin Davis,ACCOUNT 244,Tuesday
Harriet Smith,ECON 202,Monday
Benjamin Reynolds,FNBSLW 344,Monday
Harriet Larson,ECON 202,Thursday
George Phoenix,ECON 202,Monday
John Clooney,ACCOUNT 249,Thursday
John Pacino,FNBSLW 344,Wednesday
Brie Larson,FNBSLW 344,Monday
Theodore Pacino,ACCOUNT 249,Friday
Abraham Gyllenhaal,ACCOUNT 244,Monday
Rosa Pacino,ACCOUNT 244,Wednesday
Ulysses Johansson,ECON 202,Thursday
Abraham Costner,ECON 202,Friday
Harriet Washington,ACCOUNT 244,Tuesday
Susan Phoenix,ACCOUNT 249,Tuesday
Eleanor McConaughey,FNBSLW 344,Monday
Andrew Saldana,ACCOUNT 249,Wednesday
Ulysses McConaughey,ECON 201,Friday
Alexander Witherspoon,ECON 201,Friday
James Adams,ACCOUNT 249,Tuesday
Rosa Lawrence,ACCOUNT 244,Thursday
Theodore Ford,ECON 201,Wednesday
Thomas Washington,FNBSLW 344,Monday
John Ruffalo,ECON 201,Monday
Brad Pitt,ECON 201,Tuesday
James Damon,ACCOUNT 249,Tuesday
Frederick Roberts,ECON 202,Monday
George Weaver,ACCOUNT 244,Thursday
Mark Ruffalo,ACCOUNT 244,Monday
Frederick Costner,ACCOUNT 249,Monday
Andrew Norton,ECON 202,Thursday
Thomas Stone,FNBSLW 344,Wednesday
Barack Pratt,ACCOUNT 249,Tuesday
James Williams,ECON 201,Tuesday
Barack Saldana,ACCOUNT 244,Monday
Alexander DiCaprio,FNBSLW 344,Tuesday
Thomas Clooney,ACCOUNT 244,Friday
Thomas Travolta,ACCOUNT 249,Friday
Barack Ruffalo,ECON 202,Tuesday
Ulysses McConaughey,ECON 201,Thursday
Abraham Jolie,ECON 202,Wednesday
Frederick Jolie,ECON 201,Wednesday
George Gyllenhaal,ECON 202,Friday
Frederick Washington,FNBSLW 344,Monday
Theodore Adams,ACCOUNT 249,Tuesday
Andrew Bullock,FNBSLW 344,Wednesday
Ronald Reeves,ACCOUNT 244,Friday
Rosa Larson,ACCOUNT 244,Monday
Thomas Jolie,ECON 202,Thursday
John Smith,ECON 202,Tuesday
Ronald Bullock,ECON 202,Monday
Thomas Adams,ECON 202,Friday
Thomas Smith,ECON 201,Thursday
Harriet Costner,ECON 201,Thursday
Eleanor Weaver,ACCOUNT 249,Friday
Andrew Kidman,ECON 202,Monday
Harriet Clooney,ECON 201,Thursday
Eleanor Kidman,FNBSLW 344,Friday
Thomas Theron,ECON 202,Friday
Barack Kidman,ECON 202,Thursday
Theodore Saldana,FNBSLW 344,Monday
Susan Pacino,ACCOUNT 244,Wednesday
Franklin Clooney,FNBSLW 344,Monday
Rosa Clooney,ACCOUNT 244,Friday
John Smith,ECON 201,Wednesday
Thomas Evans,ACCOUNT 244,Friday
John Bullock,ACCOUNT 244,Monday
Ulysses DiCaprio,ACCOUNT 244,Friday
Alexander Bullock,FNBSLW 344,Wednesday
Barack Eastwood,ECON 202,Tuesday
John Bullock,ECON 201,Friday
Reese Witherspoon,ECON 201,Tuesday
Barack Theron,FNBSLW 344,Friday
Ronald Hanks,ACCOUNT 244,Friday
Benjamin Weaver,ACCOUNT 249,Thursday
Benjamin Davis,ECON 201,Tuesday
Ulysses Evans,ACCOUNT 244,Wednesday
Andrew Jackson,ECON 202,Tuesday
John Kidman,FNBSLW 344,Monday
Harriet Jolie,ACCOUNT 249,Friday
Rosa Larson,ECON 202,Tuesday
Benjamin Foxx,ACCOUNT 244,Thursday
Ronald Ruffalo,ACCOUNT 244,Wednesday
Amy Adams,FNBSLW 344,Tuesday
Franklin Williams,ACCOUNT 249,Thursday
Abraham Williams,ECON 202,Tuesday
Abraham Carell,ECON 201,Wednesday
Thomas Larson,ACCOUNT 244,Friday
John Bale,ACCOUNT 244,Thursday
Abraham Gyllenhaal,ACCOUNT 244,Tuesday
Abraham Adams,FNBSLW 344,Friday
Abraham Ruffalo,ACCOUNT 249,Monday
Barack Freeman,ECON 202,Wednesday
Thomas Pitt,ACCOUNT 249,Friday
Keanu Reeves,ACCOUNT 249,Tuesday
Abraham Johansson,ECON 201,Friday
Frederick Adams,ECON 201,Friday
Thomas Affleck,FNBSLW 344,Friday
James Theron,ACCOUNT 244,Thursday
Frederick Douglass,ACCOUNT 249,Monday
Frederick Williams,ECON 201,Monday
James Theron,ECON 201,Tuesday
Benjamin Smith,ACCOUNT 244,Monday
Abraham Costner,ACCOUNT 249,Tuesday
Barack Kidman,FNBSLW 344,Tuesday
Barack Hathaway,ECON 202,Monday
Thomas Hanks,ECON 201,Wednesday
Martin Bullock,ACCOUNT 249,Wednesday
James Davis,ACCOUNT 249,Tuesday
Eleanor Phoenix,ACCOUNT 249,Wednesday
Barack Larson,ACCOUNT 249,Friday
Benjamin Stone,ACCOUNT 249,Friday
Rosa Bale,ECON 202,Tuesday
Theodore De,ECON 202,Tuesday
Eleanor Clooney,ECON 201,Tuesday
James Affleck,FNBSLW 344,Thursday
George Washington,ACCOUNT 249,Monday
Martin Luther King Jr.,ECON 202,Thursday
Benjamin Freeman,ACCOUNT 244,Wednesday
Andrew Hanks,FNBSLW 344,Wednesday
Ulysses Carell,FNBSLW 344,Monday
Benjamin Pratt,ECON 202,Monday
John Smith,ECON 202,Friday
Abraham Lincoln,ACCOUNT 244,Tuesday
Ulysses Costner,ACCOUNT 249,Friday
Thomas Smith,ECON 202,Thursday
Barack Larson,ACCOUNT 244,Thursday
Barack Washington,FNBSLW 344,Friday
Alexander Johnson,ACCOUNT 249,Friday
Benjamin Eastwood,FNBSLW 344,Friday
Harriet Reynolds,ACCOUNT 249,Friday
Susan Washington,FNBSLW 344,Monday
Martin Bullock,ACCOUNT 244,Monday
Alexander Berry,ACCOUNT 244,Thursday
Ulysses Smith,ECON 201,Monday
Theodore Clooney,ACCOUNT 249,Tuesday
Christian Bale,FNBSLW 344,Thursday
Martin De,ECON 202,Tuesday
Thomas Bullock,ACCOUNT 244,Thursday
Ronald Pacino,ECON 202,Friday
Benjamin McConaughey,ACCOUNT 249,Thursday
Susan Affleck,ECON 202,Thursday
Eleanor Bullock,ACCOUNT 249,Tuesday
Benjamin Witherspoon,ACCOUNT 244,Tuesday
Harriet Pratt,ACCOUNT 244,Tuesday
Martin Johansson,FNBSLW 344,Tuesday
Susan Foxx,ECON 201,Wednesday
Ronald De,FNBSLW 344,Friday
Franklin Adams,ACCOUNT 249,Monday
Alexander Theron,ACCOUNT 249,Friday
John Witherspoon,FNBSLW 344,Friday
Benjamin Pacino,ACCOUNT 249,Monday
Abraham Smith,ACCOUNT 249,Monday
Andrew Smith,FNBSLW 344,Monday
Joaquin Phoenix,ACCOUNT 249,Tuesday
Eleanor Kidman,ACCOUNT 249,Tuesday
Harriet Johnson,ECON 201,Thursday
John Johnson,ACCOUNT 244,Wednesday
Barack Pacino,FNBSLW 344,Thursday
Eleanor Damon,ECON 201,Monday
Ulysses Pratt,FNBSLW 344,Monday
Theodore Evans,ACCOUNT 244,Tuesday
Thomas Pitt,ECON 201,Thursday
Rosa Reeves,ACCOUNT 249,Monday
James Travolta,FNBSLW 344,Friday
Ulysses Foxx,ECON 202,Wednesday
James Smith,ACCOUNT 244,Monday
Ronald Carell,ECON 202,Tuesday
Ben Affleck,ACCOUNT 249,Thursday
Ronald Travolta,ACCOUNT 244,Wednesday
Harriet Portman,ACCOUNT 244,Friday
Alexander Larson,FNBSLW 344,Monday
Frederick Roberts,ACCOUNT 249,Monday
Barack Pacino,ACCOUNT 244,Thursday
Ulysses Williams,ACCOUNT 244,Friday
Abraham Washington,ECON 202,Tuesday
Alexander Carell,FNBSLW 344,Friday
Abraham Streep,ECON 201,Tuesday
Susan Washington,ECON 202,Tuesday
Theodore Witherspoon,ECON 202,Monday
Rosa Eastwood,ECON 201,Thursday
Thomas Hathaway,ECON 201,Tuesday
Alexander Clooney,ECON 201,Tuesday
Franklin Downey,ECON 202,Tuesday
Rosa Hanks,ACCOUNT 244,Monday
Barack Hathaway,ACCOUNT 249,Tuesday
James Costner,FNBSLW 344,Friday
John Norton,ECON 202,Monday
John DiCaprio,ACCOUNT 244,Friday
Benjamin Jolie,ECON 202,Friday
Thomas Witherspoon,FNBSLW 344,Friday
Franklin Stone,ACCOUNT 249,Thursday
Ulysses Lawrence,ACCOUNT 249,Thursday
Theodore McConaughey,ACCOUNT 244,Tuesday
Benjamin Clooney,ECON 201,Thursday
John Phoenix,ECON 202,Thursday
Harriet Pacino,ECON 202,Wednesday
Alexander Pratt,ACCOUNT 249,Monday
Susan Portman,ACCOUNT 244,Friday
Abraham Saldana,ACCOUNT 249,Wednesday
George De,ECON 202,Monday
Susan Johansson,ACCOUNT 244,Tuesday
John Portman,FNBSLW 344,Monday
Rosa Parks,ECON 201,Wednesday
Abraham Davis,FNBSLW 344,Tuesday
Barack Bale,ECON 201,Friday
Eleanor Affleck,ACCOUNT 249,Thursday
George Johansson,FNBSLW 344,Thursday
George Lawrence,ACCOUNT 249,Tuesday
John Travolta,ACCOUNT 244,Monday
Eleanor Reeves,FNBSLW 344,Tuesday
Ulysses Bale,ECON 202,Wednesday
Theodore Weaver,ACCOUNT 244,Wednesday
Susan Kidman,ACCOUNT 244,Monday
Theodore Costner,ECON 201,Thursday
Eleanor Pacino,ECON 201,Monday
George Larson,ECON 201,Tuesday
Benjamin Adams,ACCOUNT 249,Wednesday
Frederick Washington,ACCOUNT 244,Wednesday
Rosa Theron,ACCOUNT 244,Thursday
Jake Gyllenhaal,ECON 202,Friday
Alexander Pacino,ECON 202,Monday
Abraham Roberts,ECON 202,Monday
Abraham Adams,FNBSLW 344,Tuesday
Rosa Saldana,FNBSLW 344,Friday
Theodore Lawrence,ACCOUNT 249,Friday
Andrew De,FNBSLW 344,Thursday
John F. Kennedy,ACCOUNT 244,Friday
Thomas Kidman,FNBSLW 344,Monday
Theodore Clooney,ACCOUNT 249,Tuesday
Abraham Davis,ACCOUNT 249,Thursday
Rosa Pratt,FNBSLW 344,Friday
Frederick Evans,ECON 201,Wednesday
Ulysses Portman,ACCOUNT 249,Thursday
Andrew Phoenix,ACCOUNT 249,Wednesday
George Depp,ECON 201,Tuesday
Abraham Hathaway,FNBSLW 344,Tuesday
Rosa Foxx,ECON 201,Monday
Susan Ruffalo,FNBSLW 344,Monday
Benjamin Freeman,FNBSLW 344,Friday
James Portman,ACCOUNT 244,Friday
Frederick Witherspoon,ACCOUNT 249,Monday
George Johnson,FNBSLW 344,Tuesday
George Clooney,ECON 202,Wednesday
Franklin Freeman,ECON 202,Friday
James Larson,ACCOUNT 249,Monday
John Smith,ACCOUNT 249,Friday
Rosa Weaver,FNBSLW 344,Monday
John Reeves,ACCOUNT 244,Friday
Abraham De,ACCOUNT 249,Monday
Susan Stone,ACCOUNT 249,Friday
Abraham Pitt,ACCOUNT 244,Friday
Martin Carell,ACCOUNT 249,Monday
Abraham Depp,ACCOUNT 244,Thursday
Martin Pitt,ACCOUNT 249,Monday
Franklin Norton,ACCOUNT 244,Tuesday
Susan Portman,ACCOUNT 244,Wednesday
James Madison,ACCOUNT 249,Tuesday
Theodore Hathaway,FNBSLW 344,Thursday
Franklin Streep,ECON 202,Friday
George Roberts,FNBSLW 344,Thursday
Franklin Berry,ECON 202,Tuesday
Abraham Johnson,ACCOUNT 244,Wednesday
Alexander Bale,ECON 202,Friday
James Bullock,ACCOUNT 244,Tuesday
George Adams,ECON 202,Tuesday
John Ruffalo,FNBSLW 344,Tuesday
Andrew Bullock,ACCOUNT 244,Tuesday
Thomas Affleck,FNBSLW 344,Friday
James Williams,ACCOUNT 249,Thursday
John Johnson,FNBSLW 344,Thursday
Frederick Kidman,ECON 201,Thursday
George Phoenix,ECON 202,Thursday
Benjamin De,ACCOUNT 244,Tuesday
Theodore Hathaway,ACCOUNT 244,Monday
John Phoenix,ACCOUNT 244,Thursday
Eleanor Pratt,ACCOUNT 249,Friday
Martin Witherspoon,ECON 201,Wednesday
Franklin Damon,FNBSLW 344,Monday
Benjamin Ford,ECON 201,Friday
John Reeves,ACCOUNT 249,Tuesday
Benjamin Stone,ACCOUNT 244,Tuesday
Barack Clooney,FNBSLW 344,Friday
Denzel Washington,FNBSLW 344,Thursday
Benjamin Clooney,ECON 202,Wednesday
Benjamin Foxx,FNBSLW 344,Wednesday
Jamie Foxx,ECON 202,Wednesday
John Ford,ECON 202,Wednesday
Abraham Foxx,ACCOUNT 244,Tuesday
George Hanks,ECON 201,Friday
Theodore Bale,ACCOUNT 249,Wednesday
Rosa Travolta,ACCOUNT 244,Thursday
Rosa Smith,ECON 202,Wednesday
John Washington,ECON 202,Thursday
John Adams,ECON 201,Tuesday
Andrew Johnson,FNBSLW 344,Tuesday
Ronald Kidman,ECON 202,Wednesday
John Lawrence,ACCOUNT 244,Monday
Rosa Smith,ACCOUNT 244,Monday
John De,ACCOUNT 244,Tuesday
Alexander De,ACCOUNT 249,Thursday
Susan Reynolds,ACCOUNT 244,Monday
Frederick Gyllenhaal,ECON 201,Friday
Harriet Smith,ACCOUNT 249,Wednesday
Theodore Kidman,ECON 202,Monday
George Smith,ECON 202,Monday
Barack Depp,ACCOUNT 249,Friday
Ronald Gyllenhaal,ECON 202,Thursday
Eleanor Bullock,ACCOUNT 249,Monday
George Reynolds,ACCOUNT 249,Friday
Alexander Pratt,ECON 202,Tuesday
James Bullock,ECON 202,Friday
Franklin Adams,FNBSLW 344,Friday
Abraham Hathaway,ACCOUNT 244,Tuesday
Eleanor Freeman,FNBSLW 344,Wednesday
Rosa Jolie,ECON 202,Thursday
Barack Costner,FNBSLW 344,Monday
Ronald Davis,ECON 202,Thursday
Benjamin Ruffalo,ACCOUNT 244,Tuesday
Harriet Pitt,ACCOUNT 244,Friday
Theodore DiCaprio,FNBSLW 344,Monday
Abraham Adams,ECON 202,Tuesday
Harriet Smith,ACCOUNT 249,Thursday
John Costner,ECON 201,Wednesday
Franklin Pacino,ACCOUNT 249,Thursday
Martin Ruffalo,ACCOUNT 249,Monday
Frederick McConaughey,ECON 201,Monday
Al Pacino,ACCOUNT 244,Thursday
Eleanor Travolta,ECON 201,Wednesday
Tom Hanks,FNBSLW 344,Wednesday
Theodore Roosevelt,ECON 202,Tuesday
Thomas Carell,ECON 201,Thursday
Alexander Hathaway,ECON 201,Monday
Benjamin Larson,ECON 202,Tuesday
Thomas Depp,FNBSLW 344,Friday
Ronald Affleck,ECON 201,Monday
George Larson,FNBSLW 344,Wednesday
Ulysses Freeman,ECON 201,Monday
Frederick De,ACCOUNT 249,Wednesday
John Smith,ACCOUNT 249,Wednesday
Abraham Ford,ECON 201,Monday
Martin Johnson,ACCOUNT 244,Wednesday
Theodore Gyllenhaal,FNBSLW 344,Wednesday
Ronald Depp,ECON 202,Friday
Eleanor Gyllenhaal,ECON 201,Tuesday
John Pitt,FNBSLW 344,Thursday
John Adams,ACCOUNT 244,Friday
Rosa Roberts,ECON 201,Wednesday
Rosa Adams,ACCOUNT 244,Monday
Franklin Williams,ACCOUNT 244,Tuesday
George McConaughey,ECON 201,Wednesday
Ulysses Depp,ACCOUNT 249,Tuesday
Ronald Berry,ECON 202,Tuesday
James Portman,ECON 202,Friday
John Clooney,ECON 201,Wednesday
John Lawrence,ECON 202,Wednesday
George Davis,ACCOUNT 244,Wednesday
Harriet Jolie,ECON 201,Wednesday
Samuel Smith Jackson,ACCOUNT 249,Monday
John Reynolds,ECON 202,Wednesday
Thomas Bale,ACCOUNT 244,Friday
Kevin Costner,ACCOUNT 249,Wednesday
Ulysses Freeman,ECON 201,Monday
John Williams,ECON 201,Thursday
Theodore Portman,ACCOUNT 249,Thursday
Frederick Carell,ECON 202,Tuesday
Franklin Witherspoon,ECON 201,Tuesday
Abraham Pratt,ACCOUNT 244,Wednesday
Alexander Bale,ACCOUNT 249,Monday
Ulysses Gyllenhaal,ACCOUNT 244,Thursday
Harriet Bullock,FNBSLW 344,Tuesday
James Eastwood,ECON 201,Tuesday
Harriet Davis,ECON 202,Tuesday
Susan Johnson,ACCOUNT 249,Wednesday
George Reeves,ACCOUNT 244,Wednesday
Ronald Eastwood,ACCOUNT 244,Thursday
Benjamin Johnson,FNBSLW 344,Monday
John DiCaprio,FNBSLW 344,Tuesday
Abraham Hathaway,ACCOUNT 244,Thursday
Frederick Freeman,ECON 202,Friday
Eleanor Jolie,ACCOUNT 244,Tuesday
John Streep,ECON 202,Tuesday
Ronald Roberts,FNBSLW 344,Tuesday
Barack Stone,ECON 202,Tuesday
Ronald Pratt,FNBSLW 344,Thursday
Martin Depp,FNBSLW 344,Monday
Ronald Phoenix,ACCOUNT 244,Thursday
George Reeves,ACCOUNT 249,Friday
John Smith,ACCOUNT 249,Friday
Rosa Berry,ACCOUNT 249,Wednesday
Rosa Lawrence,ECON 202,Wednesday
Harriet Bale,ACCOUNT 249,Wednesday
George Affleck,FNBSLW 344,Thursday
Ulysses Damon,ECON 202,Tuesday
Rosa Jolie,ACCOUNT 249,Friday
Theodore Reynolds,ACCOUNT 244,Thursday
Eleanor Weaver,FNBSLW 344,Tuesday
Harriet Roberts,ACCOUNT 244,Wednesday
Harriet Phoenix,ACCOUNT 244,Monday
Thomas Costner,ECON 201,Wednesday
Benjamin Ford,FNBSLW 344,Thursday
Franklin Travolta,ECON 202,Monday
George DiCaprio,ECON 202,Friday
Benjamin Larson,ACCOUNT 244,Monday
John Evans,ACCOUNT 249,Wednesday
Ulysses Downey,ACCOUNT 244,Friday
Alexander Reynolds,ECON 201,Tuesday
Martin Pitt,ECON 201,Friday
Dwayne Johnson,ACCOUNT 244,Wednesday
James Carell,FNBSLW 344,Wednesday
Thomas DiCaprio,ECON 201,Friday
Sandra Bullock,ECON 201,Friday
Alexander Smith,FNBSLW 344,Thursday
Frederick Eastwood,ECON 202,Thursday
James Clooney,ECON 201,Friday
Martin De,ACCOUNT 249,Monday
Rosa Reeves,ACCOUNT 249,Monday
Thomas Roberts,FNBSLW 344,Wednesday
Ulysses DiCaprio,ECON 201,Monday
Ronald Pacino,ACCOUNT 249,Tuesday
John Phoenix,ACCOUNT 249,Wednesday
Martin Foxx,ACCOUNT 249,Wednesday
Ronald Saldana,ACCOUNT 249,Thursday
John Affleck,FNBSLW 344,Wednesday
James Stone,ECON 201,Wednesday
Andrew Carell,FNBSLW 344,Wednesday
Abraham Stone,ACCOUNT 249,Tuesday
Andrew Saldana,ECON 202,Wednesday
Theodore Freeman,ACCOUNT 244,Monday
Thomas Affleck,FNBSLW 344,Tuesday
Ulysses Adams,FNBSLW 344,Tuesday
George Ford,ECON 201,Wednesday
Thomas Bale,ACCOUNT 249,Monday
Barack Bullock,ACCOUNT 244,Tuesday
Alexander Williams,ACCOUNT 249,Friday
Abraham Costner,ACCOUNT 244,Friday
Alexander Jolie,ACCOUNT 244,Thursday
Ulysses Kidman,FNBSLW 344,Friday
Rosa Larson,ECON 201,Thursday
Martin Larson,ECON 201,Tuesday
George Theron,ACCOUNT 244,Tuesday
John Adams,ACCOUNT 249,Friday
Susan Theron,ECON 201,Wednesday
Franklin Eastwood,ECON 201,Tuesday
Eleanor Gyllenhaal,FNBSLW 344,Monday
Harriet Tubman,FNBSLW 344,Tuesday
John Gyllenhaal,ACCOUNT 244,Monday
Benjamin Travolta,ECON 202,Tuesday
Thomas Streep,ACCOUNT 249,Tuesday
Theodore Larson,ACCOUNT 249,Friday
Abraham Saldana,FNBSLW 344,Monday
Thomas Davis,ECON 201,Wednesday
Ulysses Evans,ACCOUNT 244,Monday
Martin Pratt,ACCOUNT 244,Thursday
George Gyllenhaal,ECON 201,Wednesday
Ulysses Williams,ECON 201,Friday
Barack Berry,ECON 201,Friday
Frederick Foxx,ACCOUNT 244,Thursday
Abraham Carell,ECON 201,Thursday
Ulysses Bale,FNBSLW 344,Tuesday
Benjamin Affleck,ACCOUNT 244,Thursday
Ulysses Williams,ACCOUNT 249,Friday
Alexander Lawrence,ACCOUNT 249,Monday
Harriet Theron,ECON 202,Thursday
Ronald Travolta,FNBSLW 344,Friday
Franklin Johnson,ECON 201,Thursday
Thomas McConaughey,ACCOUNT 249,Tuesday
Julia Roberts,ACCOUNT 249,Tuesday
Ulysses Lawrence,ACCOUNT 249,Thursday
John Eastwood,ECON 201,Monday
John Streep,ACCOUNT 249,Wednesday
Abraham Norton,FNBSLW 344,Monday
Barack Pitt,ACCOUNT 244,Thursday
James Johansson,ECON 202,Thursday
Theodore Washington,FNBSLW 344,Wednesday
Frederick De,FNBSLW 344,Monday
Harriet Downey,ACCOUNT 249,Wednesday
Harriet Carell,ACCOUNT 249,Tuesday
Andrew De,ACCOUNT 249,Thursday
Martin Witherspoon,ACCOUNT 244,Tuesday
Harriet Norton,ECON 201,Thursday
James Foxx,ECON 202,Monday
Eleanor Portman,ACCOUNT 244,Thursday
Andrew DiCaprio,ECON 201,Friday
Ronald Pacino,ECON 201,Friday
Barack De,FNBSLW 344,Thursday
Eleanor Carell,ACCOUNT 244,Thursday
Frederick Carell,ACCOUNT 249,Wednesday
Abraham Travolta,ACCOUNT 249,Wednesday
Alexander Hanks,ECON 202,Tuesday
Barack Bale,FNBSLW 344,Tuesday
Martin Witherspoon,ECON 201,Monday
James Berry,ACCOUNT 249,Tuesday
George Johansson,ECON 201,Wednesday
Ronald Clooney,ACCOUNT 244,Thursday
Frederick Hathaway,ECON 201,Monday
Theodore Smith,ACCOUNT 249,Friday
Robert Downey Jr.,ECON 201,Monday
Alexander Stone,FNBSLW 344,Tuesday
Benjamin Travolta,FNBSLW 344,Wednesday
Martin Saldana,ECON 202,Wednesday
Andrew Stone,FNBSLW 344,Thursday
James Ford,ECON 202,Monday
Alexander Foxx,ACCOUNT 249,Wednesday
Natalie Portman,FNBSLW 344,Friday
Andrew Adams,ACCOUNT 249,Tuesday
James McConaughey,FNBSLW 344,Thursday
Thomas Jolie,ACCOUNT 244,Tuesday
George Bullock,ACCOUNT 244,Thursday
John Norton,ACCOUNT 244,Tuesday
Rosa Weaver,ACCOUNT 244,Monday
Theodore Weaver,ECON 201,Wednesday
Harriet Downey,FNBSLW 344,Monday
Susan B. Anthony,ECON 201,Friday
Abraham Johansson,ECON 202,Monday
Ulysses Weaver,ECON 202,Friday
Thomas Portman,ACCOUNT 244,Thursday
Martin Larson,ECON 202,Monday
Andrew Gyllenhaal,FNBSLW 344,Monday
Theodore Stone,ACCOUNT 249,Wednesday
Alexander Smith,ECON 201,Monday
Eleanor Bullock,ECON 201,Friday
Andrew Portman,ACCOUNT 244,Thursday
Harriet Witherspoon,ECON 202,Wednesday
James Affleck,ACCOUNT 249,Wednesday
Rosa Freeman,ACCOUNT 244,Wednesday
Theodore Phoenix,ECON 202,Wednesday
George Ford,ECON 202,Monday
Harriet Roberts,FNBSLW 344,Thursday
Ulysses Reynolds,ACCOUNT 244,Friday
Ulysses Clooney,ECON 202,Friday
James Phoenix,ACCOUNT 244,Wednesday
Ronald Adams,ACCOUNT 244,Wednesday
Frederick Washington,ACCOUNT 244,Monday
Barack Damon,ECON 201,Monday
Harriet Johnson,ACCOUNT 244,Wednesday
James Hanks,ACCOUNT 249,Monday
Susan Pitt,ACCOUNT 244,Tuesday
Thomas Pitt,ECON 202,Thursday
James Saldana,ECON 201,Friday
Abraham Smith,FNBSLW 344,Tuesday
John Eastwood,ACCOUNT 244,Friday
Eleanor Pratt,ACCOUNT 244,Wednesday
Martin Williams,ACCOUNT 244,Thursday
Andrew Larson,ACCOUNT 249,Wednesday
Andrew Adams,ECON 201,Monday
Thomas Damon,ACCOUNT 249,Friday
Frederick Clooney,ACCOUNT 244,Wednesday
Andrew Reynolds,ACCOUNT 244,Thursday
Barack Freeman,FNBSLW 344,Friday
John Stone,ACCOUNT 244,Wednesday
Harriet Adams,ECON 201,Thursday
Frederick Bullock,ACCOUNT 244,Friday
Andrew Pitt,ACCOUNT 244,Thursday
Martin Foxx,ACCOUNT 244,Friday
George Lawrence,ACCOUNT 249,Wednesday
Harriet Ruffalo,ACCOUNT 249,Wednesday
Susan Reynolds,ECON 201,Monday
Theodore Johansson,ACCOUNT 249,Tuesday
John Carell,FNBSLW 344,Thursday
Harriet Saldana,ECON 202,Monday
Ronald Kidman,ECON 202,Thursday
Eleanor Kidman,FNBSLW 344,Wednesday
Susan Johnson,ECON 201,Tuesday
Thomas Affleck,ACCOUNT 244,Friday
Benjamin Evans,ACCOUNT 244,Wednesday
Ronald Adams,ACCOUNT 249,Monday
Rosa Berry,ECON 202,Friday
Martin Davis,FNBSLW 344,Wednesday
Eleanor Washington,FNBSLW 344,Wednesday
Susan Theron,ECON 202,Wednesday
Johnny Depp,ECON 202,Monday
Martin Adams,ECON 201,Friday
Alexander Norton,ACCOUNT 244,Wednesday
Chris Pratt,ECON 201,Wednesday
Abraham De,ACCOUNT 244,Monday
Eleanor Johnson,ACCOUNT 249,Tuesday
John Johansson,ACCOUNT 249,Tuesday
Susan Witherspoon,ACCOUNT 244,Monday
Abraham Smith,ECON 202,Tuesday
Ronald Hanks,ACCOUNT 249,Wednesday
George Jolie,ECON 201,Friday
Frederick Reynolds,ACCOUNT 244,Wednesday
Ronald Bullock,FNBSLW 344,Tuesday
Frederick Pratt,ECON 201,Wednesday
Franklin Stone,ECON 202,Thursday
Barack Saldana,ECON 201,Monday
James Smith,ECON 201,Monday
John Lawrence,ECON 202,Monday
Frederick Costner,ECON 201,Wednesday
Andrew Affleck,FNBSLW 344,Tuesday
Alexander Foxx,ECON 201,Tuesday
Benjamin DiCaprio,ECON 202,Tuesday
Martin Freeman,ECON 201,Tuesday
Thomas DiCaprio,FNBSLW 344,Friday
Franklin Larson,ACCOUNT 249,Monday
James Smith,ECON 201,Monday
Susan Theron,ECON 201,Tuesday
Ronald Bullock,ECON 202,Thursday
John Hathaway,ECON 202,Monday
Andrew Norton,ECON 201,Wednesday
Theodore Stone,ECON 201,Wednesday
Ulysses Costner,ACCOUNT 249,Friday
Andrew Adams,ACCOUNT 249,Thursday
Charlize Theron,FNBSLW 344,Thursday
Susan Depp,ACCOUNT 249,Thursday
Thomas Ford,ECON 201,Friday
John Davis,ECON 202,Tuesday
John Gyllenhaal,FNBSLW 344,Thursday
Barack Norton,ACCOUNT 244,Thursday
Eleanor Bale,ACCOUNT 249,Thursday
Ronald Pratt,ECON 201,Monday
Robin Williams,ACCOUNT 249,Friday
Franklin Portman,ACCOUNT 249,Wednesday
Viola Davis,FNBSLW 344,Tuesday
James Portman,ECON 201,Monday
Susan Bale,ECON 202,Monday
John Foxx,ECON 202,Monday
Matthew McConaughey,FNBSLW 344,Thursday
Theodore DiCaprio,ECON 201,Friday
Eleanor Freeman,ACCOUNT 244,Tuesday
John Larson,ACCOUNT 244,Thursday
Harriet Jolie,ACCOUNT 249,Wednesday
George Ruffalo,FNBSLW 344,Monday
Eleanor Johansson,ECON 202,Tuesday
John Damon,ECON 202,Wednesday
Benjamin Eastwood,ACCOUNT 244,Wednesday
Franklin Foxx,ACCOUNT 249,Tuesday
Harriet Bale,ACCOUNT 249,Thursday
Ulysses Kidman,ECON 201,Thursday
Franklin Carell,ACCOUNT 249,Friday
Rosa Portman,FNBSLW 344,Monday
George Lawrence,ECON 201,Wednesday
Harriet Johnson,ACCOUNT 244,Thursday
James Pacino,ECON 202,Wednesday
Harriet Foxx,FNBSLW 344,Wednesday
Susan Davis,ACCOUNT 244,Tuesday
Theodore Norton,ECON 202,Thursday
Franklin Eastwood,ACCOUNT 244,Thursday
Franklin McConaughey,ECON 202,Tuesday
James Foxx,FNBSLW 344,Monday
John Affleck,ACCOUNT 249,Wednesday
Benjamin Reeves,ECON 202,Wednesday
Leonardo DiCaprio,ECON 202,Monday
Andrew Freeman,ECON 202,Tuesday
Benjamin Phoenix,ACCOUNT 249,Tuesday
John Bullock,ACCOUNT 249,Tuesday
Ronald Portman,ECON 201,Friday
Ulysses Stone,ECON 201,Thursday
Rosa Williams,ECON 201,Tuesday
Eleanor Freeman,ECON 202,Friday
Ulysses Larson,FNBSLW 344,Friday
Susan Clooney,ACCOUNT 249,Thursday
Alexander Phoenix,ECON 202,Tuesday
Andrew Roberts,ECON 201,Monday
Ulysses Adams,ACCOUNT 249,Wednesday
Ronald Bullock,ECON 201,Thursday
Eleanor Witherspoon,ACCOUNT 244,Wednesday
Andrew Washington,ECON 201,Thursday
Martin Hathaway,ACCOUNT 249,Monday
John Streep,FNBSLW 344,Friday
Alexander Hamilton,ACCOUNT 249,Monday
James Washington,ACCOUNT 244,Friday
Rosa Johansson,ECON 201,Monday
John Pratt,ACCOUNT 244,Friday
Susan Travolta,ECON 202,Friday
Susan DiCaprio,ECON 201,Wednesday
George Downey,ECON 201,Monday
Rosa Theron,FNBSLW 344,Tuesday
Ulysses Williams,ECON 201,Monday
Abraham Berry,ACCOUNT 244,Monday
Ryan Reynolds,ACCOUNT 249,Friday
Martin Bullock,ACCOUNT 249,Thursday
Susan Costner,ECON 201,Tuesday
Eleanor Larson,ACCOUNT 249,Friday
Franklin Kidman,ACCOUNT 249,Wednesday
James Damon,ECON 202,Thursday
Benjamin Ford,ACCOUNT 249,Monday
Benjamin Stone,ECON 201,Monday
Ulysses Roberts,ECON 202,Monday
James Roberts,ACCOUNT 249,Wednesday
Thomas Hathaway,ACCOUNT 244,Wednesday
Eleanor Clooney,ACCOUNT 244,Tuesday
Susan Smith,ACCOUNT 244,Friday
Andrew Travolta,ACCOUNT 244,Thursday
Andrew Berry,ACCOUNT 244,Friday
Benjamin Carell,ECON 201,Friday
John Affleck,ECON 201,Thursday
Theodore McConaughey,ACCOUNT 244,Friday
Barack Travolta,ECON 202,Monday
Ulysses S. Grant,ACCOUNT 249,Friday
Harrison Ford,FNBSLW 344,Tuesday
John McConaughey,ACCOUNT 249,Tuesday
Rosa Smith,ECON 202,Thursday
Barack Weaver,ECON 202,Wednesday
Theodore Smith,ECON 202,Tuesday
Theodore Norton,ACCOUNT 244,Wednesday
Abraham Damon,ACCOUNT 249,Monday
Harriet Costner,ACCOUNT 249,Friday
Ronald Eastwood,ECON 201,Monday
Martin Phoenix,ACCOUNT 249,Wednesday
Ronald Reeves,ECON 202,Friday
Martin Pitt,ACCOUNT 244,Tuesday
Rosa Pacino,ECON 201,Tuesday
Theodore Stone,ECON 202,Wednesday
George Hathaway,ACCOUNT 244,Tuesday
Rosa Larson,FNBSLW 344,Thursday
Robert De Niro,FNBSLW 344,Friday
James Phoenix,ECON 201,Tuesday
Alexander Evans,FNBSLW 344,Thursday
Steve Carell,ECON 201,Monday
Eleanor Johansson,ECON 201,Friday
Ronald Hathaway,ECON 201,Friday
Ronald Damon,ACCOUNT 249,Tuesday
Eleanor Norton,ACCOUNT 249,Wednesday
Ronald Norton,ECON 201,Wednesday
Eleanor Hanks,FNBSLW 344,Tuesday
Benjamin Williams,ACCOUNT 244,Wednesday
Franklin Lawrence,ACCOUNT 249,Wednesday
Benjamin Lawrence,FNBSLW 344,Thursday
Alexander Clooney,FNBSLW 344,Friday
Harriet Affleck,ACCOUNT 244,Wednesday
Martin Downey,ECON 202,Friday
Abraham Ford,FNBSLW 344,Wednesday
Alexander Lawrence,FNBSLW 344,Tuesday
Franklin Adams,ACCOUNT 249,Wednesday
Ronald Reagan,ACCOUNT 244,Tuesday
Eleanor Evans,ECON 201,Tuesday
George Clooney,FNBSLW 344,Thursday
Alexander Streep,ACCOUNT 244,Wednesday
Ulysses Pitt,FNBSLW 344,Wednesday
Theodore DiCaprio,ACCOUNT 244,Monday
Frederick Hathaway,ACCOUNT 244,Thursday
Barack Freeman,FNBSLW 344,Tuesday
Zoe Saldana,ACCOUNT 244,Tuesday
George Hanks,ECON 202,Wednesday
Ronald Evans,ECON 202,Tuesday
Martin Saldana,ACCOUNT 244,Thursday
George Larson,ACCOUNT 244,Thursday
Susan Reynolds,ECON 201,Tuesday
John Ruffalo,ACCOUNT 244,Monday
Eleanor Johansson,ACCOUNT 244,Friday
Alexander Pacino,ECON 201,Thursday
John Damon,ACCOUNT 249,Tuesday
Halle Berry,ACCOUNT 244,Thursday
John McConaughey,ACCOUNT 249,Monday
John Downey,ACCOUNT 244,Wednesday
Andrew Jolie,ACCOUNT 244,Thursday
John Lawrence,ECON 202,Monday
Abraham Johansson,ECON 201,Friday
Martin Witherspoon,ACCOUNT 249,Thursday
John Ford,FNBSLW 344,Thursday
Harriet Hanks,ECON 201,Thursday
Ronald Berry,FNBSLW 344,Friday
Susan Foxx,ECON 202,Friday
Frederick McConaughey,FNBSLW 344,Thursday
John Jolie,ACCOUNT 244,Friday
James Freeman,ACCOUNT 244,Wednesday
Theodore Costner,ECON 201,Friday
Thomas Johansson,ECON 202,Thursday
Benjamin Bullock,ACCOUNT 244,Wednesday
Chris Evans,FNBSLW 344,Wednesday
Barack Smith,ACCOUNT 244,Friday
John Norton,ECON 202,Tuesday
Ronald Norton,ECON 202,Wednesday
John Phoenix,ACCOUNT 244,Monday
Andrew Pacino,ECON 201,Monday
Thomas Bullock,ECON 202,Tuesday
Harriet Adams,ECON 201,Friday
George Carell,FNBSLW 344,Thursday
Benjamin Franklin,ACCOUNT 244,Monday
Franklin Johansson,ACCOUNT 249,Monday
John Davis,ACCOUNT 244,Tuesday
Morgan Freeman,ECON 201,Thursday
Alexander Smith,ECON 202,Tuesday
James Smith,ECON 202,Monday
Eleanor Larson,ECON 202,Friday
Ulysses Clooney,FNBSLW 344,Friday
Nicole Kidman,FNBSLW 344,Tuesday
Eleanor Affleck,ACCOUNT 244,Wednesday
Rosa Roberts,ECON 202,Wednesday
Barack Adams,FNBSLW 344,Tuesday
Susan DiCaprio,FNBSLW 344,Thursday
Abraham Downey,ACCOUNT 249,Monday
Benjamin Gyllenhaal,FNBSLW 344,Tuesday
Edward Norton,FNBSLW 344,Tuesday
John Ruffalo,ACCOUNT 249,Tuesday
George Ford,ACCOUNT 244,Friday
Barack Portman,FNBSLW 344,Friday
John Johansson,ACCOUNT 249,Friday
Andrew Hanks,ECON 201,Friday
Harriet Norton,ACCOUNT 244,Friday
Ulysses Affleck,ECON 201,Friday
Susan Ford,ACCOUNT 244,Thursday
Thomas Evans,ECON 201,Tuesday
John Weaver,FNBSLW 344,Thursday
Ronald Bale,ACCOUNT 249,Tuesday
John Washington,ACCOUNT 249,Monday
James Bale,ACCOUNT 249,Monday
Rosa Smith,ACCOUNT 249,Wednesday
Martin Smith,ACCOUNT 244,Monday
Franklin Norton,ACCOUNT 244,Wednesday
John DiCaprio,ECON 201,Wednesday
John McConaughey,ECON 202,Monday
Harriet Johansson,FNBSLW 344,Thursday
George Norton,ACCOUNT 244,Friday
Ronald Berry,FNBSLW 344,Tuesday
Martin Reeves,FNBSLW 344,Wednesday
John Portman,ECON 201,Monday
Barack Weaver,ECON 201,Friday
Rosa Smith,ECON 202,Friday
Andrew Smith,ACCOUNT 244,Wednesday
Alexander Weaver,ECON 201,Wednesday
James Affleck,ACCOUNT 244,Monday
Harriet Hanks,FNBSLW 344,Tuesday
Ulysses Bale,ACCOUNT 249,Thursday
Eleanor Saldana,ACCOUNT 244,Tuesday
Thomas Smith,ACCOUNT 249,Tuesday
Thomas Gyllenhaal,ECON 201,Wednesday
John Freeman,ECON 202,Wednesday
Barack Damon,ECON 202,Tuesday
George Jolie,ACCOUNT 244,Friday
Eleanor Pacino,ACCOUNT 249,Wednesday
Martin Williams,ACCOUNT 249,Friday
Barack Foxx,FNBSLW 344,Friday
Ronald Kidman,ACCOUNT 249,Thursday
Eleanor Roosevelt,FNBSLW 344,Friday
Andrew Portman,FNBSLW 344,Thursday
Theodore De,ECON 201,Wednesday
George Clooney,FNBSLW 344,Tuesday
Martin Pitt,ECON 201,Thursday
Harriet Johansson,FNBSLW 344,Thursday
Sigourney Weaver,ECON 202,Monday
Andrew Pratt,ACCOUNT 249,Friday
Harriet Carell,ECON 201,Thursday
Benjamin Theron,FNBSLW 344,Tuesday
George Pratt,ECON 201,Thursday
Ronald Damon,ECON 202,Monday
Thomas Williams,ECON 202,Wednesday
Abraham Gyllenhaal,ECON 202,Monday
Ronald Portman,ECON 202,Monday
James Williams,ACCOUNT 244,Tuesday
Susan Saldana,ECON 202,Thursday
George Theron,ACCOUNT 244,Monday
John Phoenix,ECON 202,Thursday
John Weaver,ECON 201,Monday
Thomas Stone,ACCOUNT 249,Monday
Benjamin Hanks,ECON 201,Monday
Alexander Johansson,ECON 201,Tuesday
Ronald Reynolds,FNBSLW 344,Monday
Eleanor Stone,ACCOUNT 249,Monday
Martin Clooney,ACCOUNT 244,Thursday
Thomas Williams,ACCOUNT 249,Friday
Barack Portman,ECON 201,Tuesday
Theodore Phoenix,ACCOUNT 244,Monday
Barack Berry,FNBSLW 344,Tuesday
Eleanor Travolta,ACCOUNT 244,Wednesday
George Pratt,ECON 202,Wednesday
Rosa Eastwood,ECON 201,Friday
George Bale,FNBSLW 344,Monday
Frederick Hanks,ECON 202,Thursday
James Washington,ACCOUNT 244,Friday
Andrew Hanks,FNBSLW 344,Tuesday
Rosa McConaughey,ECON 201,Tuesday
George Pacino,FNBSLW 344,Tuesday
Theodore Roberts,ECON 202,Thursday
John Lawrence,ACCOUNT 244,Friday
Eleanor Portman,ECON 201,Friday
Ronald Weaver,ACCOUNT 244,Monday
Scarlett Johansson,ACCOUNT 244,Friday
Frederick Pitt,FNBSLW 344,Wednesday
Ulysses Ford,ACCOUNT 244,Friday
Andrew Witherspoon,ECON 201,Thursday
Benjamin Kidman,ACCOUNT 244,Thursday
Thomas Kidman,ACCOUNT 244,Tuesday
Eleanor Reeves,ECON 201,Tuesday
Alexander Bale,ECON 202,Thursday
Frederick Bullock,ECON 201,Thursday
Benjamin Carell,ACCOUNT 249,Friday
Ulysses Carell,FNBSLW 344,Monday
Rosa Johnson,ACCOUNT 244,Friday
John Williams,ECON 202,Friday
Thomas Reeves,ECON 202,Monday
Susan Downey,ECON 202,Monday
Alexander Larson,ECON 202,Wednesday
Alexander Ford,ECON 201,Tuesday
Ronald Foxx,ACCOUNT 249,Thursday
Jennifer Lawrence,ECON 202,Friday
Harriet Saldana,ACCOUNT 249,Friday
Andrew Reynolds,ECON 202,Tuesday
Franklin Larson,ACCOUNT 249,Wednesday
Benjamin De,FNBSLW 344,Tuesday
Ronald Carell,ACCOUNT 244,Thursday
James Freeman,ECON 202,Wednesday
Franklin D. Roosevelt,ECON 202,Friday
James McConaughey,ACCOUNT 249,Friday
Barack Bale,ECON 201,Tuesday
Alexander Bale,ECON 202,Thursday
Andrew Pacino,ACCOUNT 249,Thursday
Susan Norton,ACCOUNT 249,Friday
Martin Davis,ECON 201,Tuesday
John Johansson,FNBSLW 344,Thursday
George De,ACCOUNT 244,Monday
Abraham Saldana,ACCOUNT 249,Wednesday
Alexander Smith,FNBSLW 344,Tuesday
George Weaver,ECON 201,Monday
Ronald Clooney,FNBSLW 344,Monday
Thomas Washington,ECON 202,Tuesday
Harriet Witherspoon,FNBSLW 344,Monday
Eleanor Clooney,ACCOUNT 249,Thursday
Eleanor Theron,ECON 201,Monday
James Affleck,ECON 201,Wednesday
Alexander Foxx,ACCOUNT 249,Friday
Andrew Saldana,ECON 201,Tuesday
Alexander Witherspoon,ECON 202,Friday
Clint Eastwood,FNBSLW 344,Wednesday
George Reynolds,ACCOUNT 244,Monday
Barack De,FNBSLW 344,Tuesday
John Affleck,ECON 201,Friday
Alexander Washington,FNBSLW 344,Friday
Frederick Williams,FNBSLW 344,Tuesday
Barack Bale,ECON 201,Monday
Barack Witherspoon,ECON 201,Friday
Abraham Jolie,ACCOUNT 249,Thursday
Meryl Streep,ECON 202,Monday
Franklin Pitt,ACCOUNT 244,Wednesday
Ulysses Roberts,ACCOUNT 244,Tuesday
Franklin McConaughey,ACCOUNT 244,Monday
Susan Reynolds,ECON 201,Friday
Benjamin Norton,ECON 202,Monday
Frederick Pratt,ECON 202,Thursday
Andrew Larson,FNBSLW 344,Friday
Susan Weaver,ACCOUNT 249,Monday
John McConaughey,ECON 201,Thursday
Anne Hathaway,ECON 202,Friday
Frederick Evans,ACCOUNT 249,Thursday
Benjamin Carell,ACCOUNT 249,Tuesday
Alexander Portman,ACCOUNT 244,Monday
Harriet Johnson,ECON 201,Tuesday
John Ruffalo,ACCOUNT 249,Friday
Franklin Roberts,FNBSLW 344,Monday
Frederick Stone,ECON 201,Thursday
Andrew De,ACCOUNT 244,Friday
Franklin Kidman,ACCOUNT 249,Tuesday
Frederick De,ACCOUNT 249,Friday
Rosa Jolie,ECON 202,Monday
Frederick Berry,ACCOUNT 244,Thursday
Eleanor Hanks,FNBSLW 344,Friday
Franklin Davis,ACCOUNT 244,Monday
Susan Carell,ECON 201,Thursday
Frederick Bullock,FNBSLW 344,Friday
John Theron,ACCOUNT 244,Wednesday
Andrew DiCaprio,FNBSLW 344,Thursday
John Portman,ACCOUNT 249,Monday
Ulysses Stone,ACCOUNT 244,Friday
Martin Costner,FNBSLW 344,Wednesday
Barack Reeves,ECON 201,Tuesday
Harriet Damon,ACCOUNT 249,Monday
Frederick Larson,ACCOUNT 249,Friday
Alexander Theron,ACCOUNT 244,Thursday
Theodore Costner,ACCOUNT 249,Tuesday
Frederick Lawrence,ACCOUNT 244,Wednesday
Andrew Bale,ECON 202,Friday
Martin Reeves,ACCOUNT 244,Tuesday
John Weaver,ACCOUNT 244,Tuesday
George Pitt,ACCOUNT 249,Tuesday
Rosa Travolta,ECON 202,Monday
Alexander Berry,ECON 202,Thursday
John Bullock,ECON 201,Tuesday
Abraham Damon,ECON 201,Friday
Franklin Evans,ECON 202,Monday
Eleanor Smith,ECON 201,Thursday
Abraham Streep,ACCOUNT 249,Monday
Will Smith,FNBSLW 344,Thursday
Benjamin Larson,ACCOUNT 244,Thursday
